592,RS 200,1
816,RS 400,1
1216,WANDERER,1
1245,RS 400,1
1330,RS VISION,1
1331,RS VISION,1
1352,RS 200,1
1611,SCORPION,1
1619,29ER,1
1869,SCORPION,1
2957,RS FEVA,1
2960,RS FEVA,1
3211,LASER 3000,1
9159,MIRROR (S/H),1
34430,MIRROR (D/H),1
43535,MIRROR (S/H),1
46896,TOPPER,1
46898,TOPPER,1
47229,MIRROR (D/H),1
48632,ILCA 7,1
48763,ILCA 7,1
62828,MIRROR (S/H),1
65747,ILCA 6,1
69170,MIRROR (S/H),1
69949,MIRROR (S/H),1
70091,MIRROR (S/H),1
70937,MIRROR (D/H),1
122185,ILCA 6,1
123772,ILCA 6,1
150410,ILCA 4,1
160920,ILCA 4,1
170891,ILCA 7,1
175693,ILCA 7,1
176676,ILCA 7,1
196542,ILCA 6,1
201567,ILCA 6,1